{
  "correlations": [
    [
      1.0,
      0.09899128472095005,
      0.14983592741339924
    ],
    [
      0.09899128472095005,
      1.0,
      0.13838047381610932
    ],
    [
      0.14983592741339924,
      0.13838047381610932,
      1.0
    ]
  ],
  "channel_controls": {
    "n": 71787,
    "vars": [
      "w_geo",
      "w_fuel",
      "w_reg",
      "same_sector",
      "log_assets",
      "lambda",
      "rho"
    ],
    "coefficients": {
      "w_geo": {
        "beta": 0.13528861542293097,
        "se": 0.10612215625472288,
        "t": 1.2748385464219218
      },
      "w_fuel": {
        "beta": -3.113706542941402,
        "se": 0.5921448468644237,
        "t": -5.258352849694409
      },
      "w_reg": {
        "beta": 1.7331450281890461,
        "se": 0.9581251486960304,
        "t": 1.808892116596445
      },
      "same_sector": {
        "beta": 0.026493103304692473,
        "se": 0.008394576542478634,
        "t": 3.1559785262104425
      },
      "log_assets": {
        "beta": 0.0022096925684061894,
        "se": 0.0008056606467130313,
        "t": 2.742708828365128
      },
      "lambda": {
        "beta": 0.023575167935331005,
        "se": 0.010577902314450612,
        "t": 2.2287186281844047
      },
      "rho": {
        "beta": 0.0025866262279065407,
        "se": 0.00040432413402489786,
        "t": 6.397407451683947
      }
    }
  },
  "vifs": {
    "w_geo": 1.0294172050233303,
    "w_fuel": 1.0453103882925763,
    "w_reg": 1.0398512394667614,
    "same_sector": 1.0082890326340608,
    "log_assets": 1.035103562847067,
    "lambda": 1.0079073286335358,
    "rho": 1.0117397293159012
  },
  "placebo": {
    "n_permutations": 200,
    "w_geo": {
      "mean": -0.009029960305188897,
      "sd": 0.2889008260668425
    },
    "w_fuel": {
      "mean": -0.14906285145953543,
      "sd": 1.6909426118124549
    },
    "w_reg": {
      "mean": -0.05158478050103268,
      "sd": 0.6106455915239531
    }
  },
  "spec_progression": {
    "geo_only": {
      "n": 72661,
      "vars": [
        "w_geo"
      ],
      "coefficients": {
        "w_geo": {
          "beta": 0.17510077244320832,
          "se": 0.10495885382474714,
          "t": 1.6682801503871145
        }
      }
    },
    "fuel_only": {
      "n": 72661,
      "vars": [
        "w_fuel"
      ],
      "coefficients": {
        "w_fuel": {
          "beta": -2.738363162992865,
          "se": 0.5736937382858389,
          "t": -4.7732143132238525
        }
      }
    },
    "geo_fuel": {
      "n": 72661,
      "vars": [
        "w_geo",
        "w_fuel"
      ],
      "coefficients": {
        "w_geo": {
          "beta": 0.25211970930864425,
          "se": 0.09768955203303524,
          "t": 2.5808257286652934
        },
        "w_fuel": {
          "beta": -2.829114649384654,
          "se": 0.5671156916413923,
          "t": -4.988602310044359
        }
      }
    },
    "full_controls": {
      "n": 71787,
      "vars": [
        "w_geo",
        "w_fuel",
        "w_reg",
        "same_sector",
        "log_assets",
        "lambda",
        "rho"
      ],
      "coefficients": {
        "w_geo": {
          "beta": 0.13528861542293097,
          "se": 0.10612215625472288,
          "t": 1.2748385464219218
        },
        "w_fuel": {
          "beta": -3.113706542941402,
          "se": 0.5921448468644237,
          "t": -5.258352849694409
        },
        "w_reg": {
          "beta": 1.7331450281890461,
          "se": 0.9581251486960304,
          "t": 1.808892116596445
        },
        "same_sector": {
          "beta": 0.026493103304692473,
          "se": 0.008394576542478634,
          "t": 3.1559785262104425
        },
        "log_assets": {
          "beta": 0.0022096925684061894,
          "se": 0.0008056606467130313,
          "t": 2.742708828365128
        },
        "lambda": {
          "beta": 0.023575167935331005,
          "se": 0.010577902314450612,
          "t": 2.2287186281844047
        },
        "rho": {
          "beta": 0.0025866262279065407,
          "se": 0.00040432413402489786,
          "t": 6.397407451683947
        }
      }
    }
  },
  "controls_sensitivity": {
    "size_only": {
      "n": 72127,
      "vars": [
        "w_geo",
        "w_fuel",
        "w_reg",
        "same_sector",
        "log_assets"
      ],
      "coefficients": {
        "w_geo": {
          "beta": 0.13117526256112996,
          "se": 0.10760128288099535,
          "t": 1.2190864183859862
        },
        "w_fuel": {
          "beta": -3.2218765980790813,
          "se": 0.5944141100014095,
          "t": -5.42025591901148
        },
        "w_reg": {
          "beta": 1.7353749455197236,
          "se": 0.9601965688073417,
          "t": 1.807312171168482
        },
        "same_sector": {
          "beta": 0.027106624340965706,
          "se": 0.008606080233064528,
          "t": 3.149706208503862
        },
        "log_assets": {
          "beta": 0.0025654093807208765,
          "se": 0.0007542763450134443,
          "t": 3.4011531684387513
        }
      }
    },
    "leverage_only": {
      "n": 72013,
      "vars": [
        "w_geo",
        "w_fuel",
        "w_reg",
        "same_sector",
        "lambda"
      ],
      "coefficients": {
        "w_geo": {
          "beta": 0.13235116094460309,
          "se": 0.10571876478510332,
          "t": 1.2519173981424772
        },
        "w_fuel": {
          "beta": -2.922486741698953,
          "se": 0.6150730839077552,
          "t": -4.75144632103142
        },
        "w_reg": {
          "beta": 1.7164945076124805,
          "se": 0.9471055143485816,
          "t": 1.812358265903545
        },
        "same_sector": {
          "beta": 0.02714918501699763,
          "se": 0.008537186663470633,
          "t": 3.1801091023539407
        },
        "lambda": {
          "beta": 0.025638001933012706,
          "se": 0.011335039295377079,
          "t": 2.2618361758541936
        }
      }
    },
    "firm_fe": {
      "n": 72660,
      "vars": [
        "w_geo",
        "w_fuel",
        "w_reg",
        "same_sector"
      ],
      "coefficients": {
        "w_geo": {
          "beta": 0.04997059781115475,
          "se": 0.1328797186210398,
          "t": 0.3760588773796707
        },
        "w_fuel": {
          "beta": -2.367031778864965,
          "se": 0.6266689594868691,
          "t": -3.777164550807088
        },
        "w_reg": {
          "beta": 1.7256406591871167,
          "se": 1.0345502265078466,
          "t": 1.6680105179736564
        },
        "same_sector": {
          "beta": 0.027944991589642944,
          "se": 0.012596095390800085,
          "t": 2.2185439791170016
        }
      }
    }
  },
  "bandwidth_sensitivity": {
    "half_life_250km": {
      "n": 72661,
      "vars": [
        "w_geo",
        "w_fuel",
        "w_reg",
        "same_sector"
      ],
      "coefficients": {
        "w_geo": {
          "beta": -0.025969547374941872,
          "se": 0.03979522448419135,
          "t": -0.6525794919251748
        },
        "w_fuel": {
          "beta": -2.851182381474619,
          "se": 0.6095227417920295,
          "t": -4.677729288807158
        },
        "w_reg": {
          "beta": 1.8227391501868655,
          "se": 0.9709611780633803,
          "t": 1.8772523468161615
        },
        "same_sector": {
          "beta": 0.027701002814597305,
          "se": 0.00860906003194481,
          "t": 3.2176570626537466
        }
      }
    },
    "half_life_1000km": {
      "n": 72661,
      "vars": [
        "w_geo",
        "w_fuel",
        "w_reg",
        "same_sector"
      ],
      "coefficients": {
        "w_geo": {
          "beta": 0.13581737038521252,
          "se": 0.10763019498275003,
          "t": 1.2618891046976182
        },
        "w_fuel": {
          "beta": -2.8998458656904247,
          "se": 0.6053047626903629,
          "t": -4.790720384887851
        },