{
  "correlations": [
    [
      1.0,
      0.09899128472095005,
      0.14983592741339924
    ],
    [
      0.09899128472095005,
      1.0,
      0.13838047381610932
    ],
    [
      0.14983592741339924,
      0.13838047381610932,
      1.0
    ]
  ],
  "channel_controls": {
    "n": 71787,
    "vars": [
      "w_geo",
      "w_fuel",
      "w_reg",
      "same_sector",
      "log_assets",
      "lambda",
      "rho"
    ],
    "coefficients": {
      "w_geo": {
        "beta": 0.13528861542293097,
        "se": 0.10612215625472288,
        "t": 1.2748385464219218
      },
      "w_fuel": {
        "beta": -3.113706542941402,
        "se": 0.592144846864423,
        "t": -5.258352849694416
      },
      "w_reg": {
        "beta": 1.7331450281890461,
        "se": 0.9581251486960302,
        "t": 1.8088921165964456
      },
      "same_sector": {
        "beta": 0.026493103304692473,
        "se": 0.00839457654247862,
        "t": 3.155978526210448
      },
      "log_assets": {
        "beta": 0.0022096925684061894,
        "se": 0.000805660646713031,
        "t": 2.742708828365129
      },
      "lambda": {
        "beta": 0.023575167935331005,
        "se": 0.01057790231445061,
        "t": 2.2287186281844047
      },
      "rho": {
        "beta": 0.0025866262279065407,
        "se": 0.0004043241340248982,
        "t": 6.397407451683943
      }
    }
  },
  "vifs": {
    "w_geo": 1.0294172050233306,
    "w_fuel": 1.0453103882925763,
    "w_reg": 1.0398512394667612,
    "same_sector": 1.0082890326340608,
    "log_assets": 1.035103562847067,
    "lambda": 1.0079073286335358,
    "rho": 1.0117397293159012
  },
  "placebo": {
    "n_permutations": 200,
    "w_geo": {
      "mean": -0.009029960305190229,
      "sd": 0.28890082606684253
    },
    "w_fuel": {
      "mean": -0.14906285145951798,
      "sd": 1.6909426118124873
    },
    "w_reg": {
      "mean": -0.05158478050103212,
      "sd": 0.6106455915239519
    }
  },
  "spec_progression": {
    "geo_only": {
      "n": 72661,
      "vars": [
        "w_geo"
      ],
      "coefficients": {
        "w_geo": {
          "beta": 0.17510077244320832,
          "se": 0.10495885382474718,
          "t": 1.6682801503871139
        }
      }
    },
    "fuel_only": {
      "n": 72661,
      "vars": [
        "w_fuel"
      ],
      "coefficients": {
        "w_fuel": {
          "beta": -2.738363162992865,
          "se": 0.573693738285839,
          "t": -4.773214313223852
        }
      }
    },
    "geo_fuel": {
      "n": 72661,
      "vars": [
        "w_geo",
        "w_fuel"
      ],
      "coefficients": {
        "w_geo": {
          "beta": 0.25211970930864425,
          "se": 0.0976895520330352,
          "t": 2.5808257286652942
        },
        "w_fuel": {
          "beta": -2.829114649384654,
          "se": 0.5671156916413921,
          "t": -4.988602310044361
        }
      }
    },
    "full_controls": {
      "n": 71787,
      "vars": [
        "w_geo",
        "w_fuel",
        "w_reg",
        "same_sector",
        "log_assets",
        "lambda",
        "rho"
      ],
      "coefficients": {
        "w_geo": {
          "beta": 0.13528861542293097,
          "se": 0.10612215625472288,
          "t": 1.2748385464219218
        },
        "w_fuel": {
          "beta": -3.113706542941402,
          "se": 0.592144846864423,
          "t": -5.258352849694416
        },
        "w_reg": {
          "beta": 1.7331450281890461,
          "se": 0.9581251486960302,
          "t": 1.8088921165964456
        },
        "same_sector": {
          "beta": 0.026493103304692473,
          "se": 0.00839457654247862,
          "t": 3.155978526210448
        },
        "log_assets": {
          "beta": 0.0022096925684061894,
          "se": 0.000805660646713031,
          "t": 2.742708828365129
        },
        "lambda": {
          "beta": 0.023575167935331005,
          "se": 0.01057790231445061,
          "t": 2.2287186281844047
        },
        "rho": {
          "beta": 0.0025866262279065407,
          "se": 0.0004043241340248982,
          "t": 6.397407451683943
        }
      }
    }
  },
  "controls_sensitivity": {
    "size_only": {
      "n": 72127,
      "vars": [
        "w_geo",
        "w_fuel",
        "w_reg",
        "same_sector",
        "log_assets"
      ],
      "coefficients": {
        "w_geo": {
          "beta": 0.13117526256112996,
          "se": 0.10760128288099535,
          "t": 1.2190864183859862
        },
        "w_fuel": {
          "beta": -3.2218765980790813,
          "se": 0.5944141100014098,
          "t": -5.4202559190114785
        },
        "w_reg": {
          "beta": 1.7353749455197236,
          "se": 0.9601965688073415,
          "t": 1.8073121711684825
        },
        "same_sector": {
          "beta": 0.027106624340965706,
          "se": 0.00860608023306454,
          "t": 3.1497062085038574
        },
        "log_assets": {
          "beta": 0.0025654093807208765,
          "se": 0.0007542763450134528,
          "t": 3.4011531684387126
        }
      }
    },
    "leverage_only": {
      "n": 72013,
      "vars": [
        "w_geo",
        "w_fuel",
        "w_reg",
        "same_sector",
        "lambda"
      ],
      "coefficients": {
        "w_geo": {
          "beta": 0.13235116094460309,
          "se": 0.10571876478510345,
          "t": 1.2519173981424756
        },
        "w_fuel": {
          "beta": -2.922486741698953,
          "se": 0.6150730839077553,
          "t": -4.751446321031419
        },
        "w_reg": {
          "beta": 1.7164945076124805,
          "se": 0.9471055143485816,
          "t": 1.812358265903545
        },
        "same_sector": {
          "beta": 0.02714918501699763,
          "se": 0.00853718666347065,
          "t": 3.180109102353934
        },
        "lambda": {
          "beta": 0.025638001933012706,
          "se": 0.011335039295377072,
          "t": 2.261836175854195
        }
      }
    },
    "firm_fe": {
      "n": 72660,
      "vars": [
        "w_geo",
        "w_fuel",
        "w_reg",
        "same_sector"
      ],
      "coefficients": {
        "w_geo": {
          "beta": 0.04997059781115475,
          "se": 0.1328797186210398,
          "t": 0.3760588773796707
        },
        "w_fuel": {
          "beta": -2.367031778864965,
          "se": 0.6266689594868688,
          "t": -3.7771645508070892
        },
        "w_reg": {
          "beta": 1.7256406591871167,
          "se": 1.0345502265078468,
          "t": 1.6680105179736562
        },
        "same_sector": {
          "beta": 0.027944991589642944,
          "se": 0.012596095390800083,
          "t": 2.218543979117002
        }
      }
    }
  },
  "bandwidth_sensitivity": {
    "half_life_250km": {
      "n": 72661,
      "vars": [
        "w_geo",
        "w_fuel",
        "w_reg",
        "same_sector"
      ],
      "coefficients": {
        "w_geo": {
          "beta": -0.025969547374941872,
          "se": 0.03979522448419136,
          "t": -0.6525794919251747
        },
        "w_fuel": {
          "beta": -2.851182381474619,
          "se": 0.6095227417920284,
          "t": -4.677729288807167
        },
        "w_reg": {
          "beta": 1.8227391501868655,
          "se": 0.9709611780633803,
          "t": 1.8772523468161615
        },
        "same_sector": {
          "beta": 0.027701002814597305,
          "se": 0.008609060031944784,
          "t": 3.2176570626537564
        }
      }
    },
    "half_life_1000km": {
      "n": 72661,
      "vars": [
        "w_geo",
        "w_fuel",
        "w_reg",
        "same_sector"
      ],
      "coefficients": {
        "w_geo": {
          "beta": 0.13581737038521252,
          "se": 0.10763019498275,
          "t": 1.2618891046976186
        },
        "w_fuel": {
          "beta": -2.8998458656904247,
          "se": 0.6053047626903633,
          "t": -4.790720384887848
        },
        "w_reg": {
          "beta": 1.7771763799362534,