{
  "correlations": [
    [
      1.0,
      0.07927336137590305,
      0.1068158538009406
    ],
    [
      0.07927336137590305,
      1.0,
      0.13838047381610932
    ],
    [
      0.1068158538009406,
      0.13838047381610932,
      1.0
    ]
  ],
  "channel_controls": {
    "n": 71787,
    "vars": [
      "w_geo",
      "w_fuel",
      "w_reg",
      "same_sector",
      "log_assets",
      "lambda",
      "rho"
    ],
    "coefficients": {
      "w_geo": {
        "beta": 0.03747686164747945,
        "se": 0.06163628938301622,
        "t": 0.6080324111432662
      },
      "w_fuel": {
        "beta": -3.0868901165645997,
        "se": 0.5948239164297895,
        "t": -5.189586415913664
      },
      "w_reg": {
        "beta": 1.7614527893430958,
        "se": 0.9596786002134099,
        "t": 1.8354611522559638
      },
      "same_sector": {
        "beta": 0.026500075854917576,
        "se": 0.008397428127399022,
        "t": 3.155737143906414
      },
      "log_assets": {
        "beta": 0.0022102062457193834,
        "se": 0.0008057382758349482,
        "t": 2.7430821049540586
      },
      "lambda": {
        "beta": 0.02358549826294069,
        "se": 0.010584108715523845,
        "t": 2.2283877553475566
      },
      "rho": {
        "beta": 0.002586680011535228,
        "se": 0.00040446813919304186,
        "t": 6.395262718828577
      }
    }
  },
  "vifs": {
    "w_geo": 1.0158406888027898,
    "w_fuel": 1.0431368638498708,
    "w_reg": 1.0297471123508086,
    "same_sector": 1.0082853616426815,
    "log_assets": 1.0351084568348694,
    "lambda": 1.0078983653890787,
    "rho": 1.0117397713118232
  },
  "placebo": {
    "n_permutations": 200,
    "w_geo": {
      "mean": -0.007049233939273713,
      "sd": 0.230041834497923
    },
    "w_fuel": {
      "mean": -0.14990865743210396,
      "sd": 1.695483045705915
    },
    "w_reg": {
      "mean": -0.0507589214852087,
      "sd": 0.611355417884629
    }
  },
  "spec_progression": {
    "geo_only": {
      "n": 72661,
      "vars": [
        "w_geo"
      ],
      "coefficients": {
        "w_geo": {
          "beta": 0.05203722463211832,
          "se": 0.05981015615101171,
          "t": 0.8700399393830723
        }
      }
    },
    "fuel_only": {
      "n": 72661,
      "vars": [
        "w_fuel"
      ],
      "coefficients": {
        "w_fuel": {
          "beta": -2.738363162992865,
          "se": 0.5736937382858385,
          "t": -4.773214313223856
        }
      }
    },
    "geo_fuel": {
      "n": 72661,
      "vars": [
        "w_geo",
        "w_fuel"
      ],
      "coefficients": {
        "w_geo": {
          "beta": 0.09575607328756218,
          "se": 0.05573097797673733,
          "t": 1.7181839753024202
        },
        "w_fuel": {
          "beta": -2.776580679066739,
          "se": 0.5702184577454886,
          "t": -4.869327959050456
        }
      }
    },
    "full_controls": {
      "n": 71787,
      "vars": [
        "w_geo",
        "w_fuel",
        "w_reg",
        "same_sector",
        "log_assets",
        "lambda",
        "rho"
      ],
      "coefficients": {
        "w_geo": {
          "beta": 0.03747686164747945,
          "se": 0.06163628938301622,
          "t": 0.6080324111432662
        },
        "w_fuel": {
          "beta": -3.0868901165645997,
          "se": 0.5948239164297895,
          "t": -5.189586415913664
        },
        "w_reg": {
          "beta": 1.7614527893430958,
          "se": 0.9596786002134099,
          "t": 1.8354611522559638
        },
        "same_sector": {
          "beta": 0.026500075854917576,
          "se": 0.008397428127399022,
          "t": 3.155737143906414
        },
        "log_assets": {
          "beta": 0.0022102062457193834,
          "se": 0.0008057382758349482,
          "t": 2.7430821049540586
        },
        "lambda": {
          "beta": 0.02358549826294069,
          "se": 0.010584108715523845,
          "t": 2.2283877553475566
        },
        "rho": {
          "beta": 0.002586680011535228,
          "se": 0.00040446813919304186,
          "t": 6.395262718828577
        }
      }
    }
  },
  "controls_sensitivity": {
    "size_only": {
      "n": 72127,
      "vars": [
        "w_geo",
        "w_fuel",
        "w_reg",
        "same_sector",
        "log_assets"
      ],
      "coefficients": {
        "w_geo": {
          "beta": 0.035187922799505306,
          "se": 0.06241393794174525,
          "t": 0.5637830901224075
        },
        "w_fuel": {
          "beta": -3.1954890426883464,
          "se": 0.5970514584198477,
          "t": -5.352116635215172
        },
        "w_reg": {
          "beta": 1.7631606983438566,
          "se": 0.9616692889186016,
          "t": 1.8334376678770028
        },
        "same_sector": {
          "beta": 0.027113195627509905,
          "se": 0.008608779146389677,
          "t": 3.149482077128271
        },
        "log_assets": {
          "beta": 0.002566024962876442,
          "se": 0.0007542223773383643,
          "t": 3.402212716005448
        }
      }
    },
    "leverage_only": {
      "n": 72013,
      "vars": [
        "w_geo",
        "w_fuel",
        "w_reg",
        "same_sector",
        "lambda"
      ],
      "coefficients": {
        "w_geo": {
          "beta": 0.03707709065690683,
          "se": 0.061390195492188535,
          "t": 0.6039578528728521
        },
        "w_fuel": {
          "beta": -2.8963518326012596,
          "se": 0.6177592502581511,
          "t": -4.688479907651602
        },
        "w_reg": {
          "beta": 1.7440777485074628,
          "se": 0.9485200857618552,
          "t": 1.838735704902456
        },
        "same_sector": {
          "beta": 0.027155991196818306,
          "se": 0.008539819697087734,
          "t": 3.179925590944162
        },
        "lambda": {
          "beta": 0.025648091464071324,
          "se": 0.01134054711521556,
          "t": 2.2616273450916133
        }
      }
    },
    "firm_fe": {
      "n": 72660,
      "vars": [
        "w_geo",
        "w_fuel",
        "w_reg",
        "same_sector"
      ],
      "coefficients": {
        "w_geo": {
          "beta": -0.041137702073145176,
          "se": 0.0817131524904527,
          "t": -0.5034403987528405
        },
        "w_fuel": {
          "beta": -2.3499292878735027,
          "se": 0.6277799542445502,
          "t": -3.743237215500661
        },
        "w_reg": {
          "beta": 1.7509183546021434,
          "se": 1.0376744544904617,
          "t": 1.687348423221917
        },
        "same_sector": {
          "beta": 0.02797419659609322,
          "se": 0.012602583742199866,
          "t": 2.2197191598434984
        }
      }
    }
  },
  "bandwidth_sensitivity": {
    "half_life_250km": {
      "n": 72661,
      "vars": [
        "w_geo",
        "w_fuel",
        "w_reg",
        "same_sector"
      ],
      "coefficients": {
        "w_geo": {
          "beta": -0.025969547374941872,
          "se": 0.03979522448419135,
          "t": -0.6525794919251748
        },
        "w_fuel": {
          "beta": -2.851182381474619,
          "se": 0.6095227417920294,
          "t": -4.677729288807159
        },
        "w_reg": {
          "beta": 1.8227391501868655,
          "se": 0.9709611780633803,
          "t": 1.8772523468161615
        },
        "same_sector": {
          "beta": 0.027701002814597305,
          "se": 0.008609060031944808,
          "t": 3.217657062653747
        }
      }
    },
    "half_life_1000km": {
      "n": 72661,
      "vars": [
        "w_geo",
        "w_fuel",
        "w_reg",
        "same_sector"
      ],
      "coefficients": {
        "w_geo": {
          "beta": 0.13581737038521252,
          "se": 0.10763019498275002,
          "t": 1.2618891046976184
        },
        "w_fuel": {
          "beta": -2.8998458656904247,
          "se": 0.6053047626903622,
          "t": -4.790720384887857
        },