{
  "correlations": [
    [
      1.0,
      0.07927336137590305,
      0.1068158538009406
    ],
    [
      0.07927336137590305,
      1.0,
      0.13838047381610932
    ],
    [
      0.1068158538009406,
      0.13838047381610932,
      1.0
    ]
  ],
  "channel_controls": {
    "n": 71787,
    "vars": [
      "w_geo",
      "w_fuel",
      "w_reg",
      "same_sector",
      "log_assets",
      "lambda",
      "rho"
    ],
    "coefficients": {
      "w_geo": {
        "beta": 0.03747686164747945,
        "se": 0.06163628938301616,
        "t": 0.6080324111432668
      },
      "w_fuel": {
        "beta": -3.0868901165645997,
        "se": 0.5948239164297892,
        "t": -5.189586415913666
      },
      "w_reg": {
        "beta": 1.7614527893430958,
        "se": 0.9596786002134099,
        "t": 1.8354611522559638
      },
      "same_sector": {
        "beta": 0.026500075854917576,
        "se": 0.008397428127399024,
        "t": 3.1557371439064132
      },
      "log_assets": {
        "beta": 0.0022102062457193834,
        "se": 0.0008057382758349225,
        "t": 2.743082104954146
      },
      "lambda": {
        "beta": 0.02358549826294069,
        "se": 0.010584108715523847,
        "t": 2.228387755347556
      },
      "rho": {
        "beta": 0.002586680011535228,
        "se": 0.0004044681391930398,
        "t": 6.39526271882861
      }
    }
  },
  "vifs": {
    "w_geo": 1.0158406888027898,
    "w_fuel": 1.0431368638498715,
    "w_reg": 1.0297471123508084,
    "same_sector": 1.0082853616426812,
    "log_assets": 1.03510845683487,
    "lambda": 1.0078983653890787,
    "rho": 1.0117397713118232
  },
  "placebo": {
    "n_permutations": 200,
    "w_geo": {
      "mean": -0.007049233939273881,
      "sd": 0.2300418344979232
    },
    "w_fuel": {
      "mean": -0.14990865743208487,
      "sd": 1.6954830457059251
    },
    "w_reg": {
      "mean": -0.05075892148519759,
      "sd": 0.6113554178846385
    }
  },
  "spec_progression": {
    "geo_only": {
      "n": 72661,
      "vars": [
        "w_geo"
      ],
      "coefficients": {
        "w_geo": {
          "beta": 0.05203722463211832,
          "se": 0.05981015615101167,
          "t": 0.870039939383073
        }
      }
    },
    "fuel_only": {
      "n": 72661,
      "vars": [
        "w_fuel"
      ],
      "coefficients": {
        "w_fuel": {
          "beta": -2.738363162992865,
          "se": 0.5736937382858384,
          "t": -4.773214313223857
        }
      }
    },
    "geo_fuel": {
      "n": 72661,
      "vars": [
        "w_geo",
        "w_fuel"
      ],
      "coefficients": {
        "w_geo": {
          "beta": 0.09575607328756218,
          "se": 0.05573097797673733,
          "t": 1.7181839753024202
        },
        "w_fuel": {
          "beta": -2.776580679066739,
          "se": 0.5702184577454888,
          "t": -4.869327959050454
        }
      }
    },
    "full_controls": {
      "n": 71787,
      "vars": [
        "w_geo",
        "w_fuel",
        "w_reg",
        "same_sector",
        "log_assets",
        "lambda",
        "rho"
      ],
      "coefficients": {
        "w_geo": {
          "beta": 0.03747686164747945,
          "se": 0.06163628938301616,
          "t": 0.6080324111432668
        },
        "w_fuel": {
          "beta": -3.0868901165645997,
          "se": 0.5948239164297892,
          "t": -5.189586415913666
        },
        "w_reg": {
          "beta": 1.7614527893430958,
          "se": 0.9596786002134099,
          "t": 1.8354611522559638
        },
        "same_sector": {
          "beta": 0.026500075854917576,
          "se": 0.008397428127399024,
          "t": 3.1557371439064132
        },
        "log_assets": {
          "beta": 0.0022102062457193834,
          "se": 0.0008057382758349225,
          "t": 2.743082104954146
        },
        "lambda": {
          "beta": 0.02358549826294069,
          "se": 0.010584108715523847,
          "t": 2.228387755347556
        },
        "rho": {
          "beta": 0.002586680011535228,
          "se": 0.0004044681391930398,
          "t": 6.39526271882861
        }
      }
    }
  },
  "controls_sensitivity": {
    "size_only": {
      "n": 72127,
      "vars": [
        "w_geo",
        "w_fuel",
        "w_reg",
        "same_sector",
        "log_assets"
      ],
      "coefficients": {
        "w_geo": {
          "beta": 0.035187922799505306,
          "se": 0.06241393794174526,
          "t": 0.5637830901224073
        },
        "w_fuel": {
          "beta": -3.1954890426883464,
          "se": 0.5970514584198486,
          "t": -5.352116635215164
        },
        "w_reg": {
          "beta": 1.7631606983438566,
          "se": 0.9616692889186017,
          "t": 1.8334376678770026
        },
        "same_sector": {
          "beta": 0.027113195627509905,
          "se": 0.008608779146389703,
          "t": 3.1494820771282614
        },
        "log_assets": {
          "beta": 0.002566024962876442,
          "se": 0.0007542223773383675,
          "t": 3.402212716005433
        }
      }
    },
    "leverage_only": {
      "n": 72013,
      "vars": [
        "w_geo",
        "w_fuel",
        "w_reg",
        "same_sector",
        "lambda"
      ],
      "coefficients": {
        "w_geo": {
          "beta": 0.03707709065690683,
          "se": 0.06139019549218852,
          "t": 0.6039578528728522
        },
        "w_fuel": {
          "beta": -2.8963518326012596,
          "se": 0.6177592502581513,
          "t": -4.688479907651602
        },
        "w_reg": {
          "beta": 1.7440777485074628,
          "se": 0.9485200857618552,
          "t": 1.838735704902456
        },
        "same_sector": {
          "beta": 0.027155991196818306,
          "se": 0.008539819697087765,
          "t": 3.1799255909441504
        },
        "lambda": {
          "beta": 0.025648091464071324,
          "se": 0.011340547115215562,
          "t": 2.2616273450916133
        }
      }
    },
    "firm_fe": {
      "n": 72660,
      "vars": [
        "w_geo",
        "w_fuel",
        "w_reg",
        "same_sector"
      ],
      "coefficients": {
        "w_geo": {
          "beta": -0.041137702073145176,
          "se": 0.0817131524904527,
          "t": -0.5034403987528405
        },
        "w_fuel": {
          "beta": -2.3499292878735027,
          "se": 0.6277799542445504,
          "t": -3.7432372155006606
        },
        "w_reg": {
          "beta": 1.7509183546021434,
          "se": 1.0376744544904617,
          "t": 1.687348423221917
        },
        "same_sector": {
          "beta": 0.02797419659609322,
          "se": 0.012602583742199866,
          "t": 2.2197191598434984
        }
      }
    }
  },
  "bandwidth_sensitivity": {
    "half_life_250km": {
      "n": 72661,
      "vars": [
        "w_geo",
        "w_fuel",
        "w_reg",
        "same_sector"
      ],
      "coefficients": {
        "w_geo": {
          "beta": -0.025969547374941872,
          "se": 0.03979522448419136,
          "t": -0.6525794919251747
        },
        "w_fuel": {
          "beta": -2.851182381474619,
          "se": 0.6095227417920287,
          "t": -4.677729288807164
        },
        "w_reg": {
          "beta": 1.8227391501868655,
          "se": 0.9709611780633803,
          "t": 1.8772523468161615
        },
        "same_sector": {
          "beta": 0.027701002814597305,
          "se": 0.008609060031944803,
          "t": 3.2176570626537493
        }
      }
    },
    "half_life_1000km": {
      "n": 72661,
      "vars": [
        "w_geo",
        "w_fuel",
        "w_reg",
        "same_sector"
      ],
      "coefficients": {
        "w_geo": {
          "beta": 0.13581737038521252,
          "se": 0.10763019498275005,
          "t": 1.2618891046976182
        },
        "w_fuel": {
          "beta": -2.8998458656904247,
          "se": 0.6053047626903633,
          "t": -4.790720384887848
        },
        "w_reg": {
          "beta": 1.7771763799362534,