{
  "correlations": [
    [
      1.0,
      0.09899128472095005,
      0.14983592741339924
    ],
    [
      0.09899128472095005,
      1.0,
      0.13838047381610932
    ],
    [
      0.14983592741339924,
      0.13838047381610932,
      1.0
    ]
  ],
  "channel_controls": {
    "n": 71787,
    "vars": [
      "w_geo",
      "w_fuel",
      "w_reg",
      "same_sector",
      "log_assets",
      "lambda",
      "rho"
    ],
    "coefficients": {
      "w_geo": {
        "beta": 0.13528861542293097,
        "se": 0.10612215625472289,
        "t": 1.2748385464219216
      },
      "w_fuel": {
        "beta": -3.113706542941402,
        "se": 0.5921448468644233,
        "t": -5.258352849694414
      },
      "w_reg": {
        "beta": 1.7331450281890461,
        "se": 0.9581251486960305,
        "t": 1.8088921165964449
      },
      "same_sector": {
        "beta": 0.026493103304692473,
        "se": 0.00839457654247863,
        "t": 3.155978526210444
      },
      "log_assets": {
        "beta": 0.0022096925684061894,
        "se": 0.0008056606467130359,
        "t": 2.7427088283651124
      },
      "lambda": {
        "beta": 0.023575167935331005,
        "se": 0.010577902314450608,
        "t": 2.228718628184405
      },
      "rho": {
        "beta": 0.0025866262279065407,
        "se": 0.00040432413402489824,
        "t": 6.397407451683942
      }
    }
  },
  "vifs": {
    "w_geo": 1.0294172050233303,
    "w_fuel": 1.045310388292576,
    "w_reg": 1.0398512394667612,
    "same_sector": 1.0082890326340614,
    "log_assets": 1.035103562847067,
    "lambda": 1.0079073286335358,
    "rho": 1.011739729315901
  },
  "placebo": {
    "n_permutations": 200,
    "w_geo": {
      "mean": -0.009029960305189185,
      "sd": 0.288900826066841
    },
    "w_fuel": {
      "mean": -0.14906285145951062,
      "sd": 1.6909426118124662
    },
    "w_reg": {
      "mean": -0.05158478050103286,
      "sd": 0.6106455915239596
    }
  },
  "spec_progression": {
    "geo_only": {
      "n": 72661,
      "vars": [
        "w_geo"
      ],
      "coefficients": {
        "w_geo": {
          "beta": 0.17510077244320832,
          "se": 0.10495885382474712,
          "t": 1.6682801503871147
        }
      }
    },
    "fuel_only": {
      "n": 72661,
      "vars": [
        "w_fuel"
      ],
      "coefficients": {
        "w_fuel": {
          "beta": -2.738363162992865,
          "se": 0.5736937382858391,
          "t": -4.773214313223851
        }
      }
    },
    "geo_fuel": {
      "n": 72661,
      "vars": [
        "w_geo",
        "w_fuel"
      ],
      "coefficients": {
        "w_geo": {
          "beta": 0.25211970930864425,
          "se": 0.0976895520330352,
          "t": 2.5808257286652942
        },
        "w_fuel": {
          "beta": -2.829114649384654,
          "se": 0.5671156916413922,
          "t": -4.98860231004436
        }
      }
    },
    "full_controls": {
      "n": 71787,
      "vars": [
        "w_geo",
        "w_fuel",
        "w_reg",
        "same_sector",
        "log_assets",
        "lambda",
        "rho"
      ],
      "coefficients": {
        "w_geo": {
          "beta": 0.13528861542293097,
          "se": 0.10612215625472289,
          "t": 1.2748385464219216
        },
        "w_fuel": {
          "beta": -3.113706542941402,
          "se": 0.5921448468644233,
          "t": -5.258352849694414
        },
        "w_reg": {
          "beta": 1.7331450281890461,
          "se": 0.9581251486960305,
          "t": 1.8088921165964449
        },
        "same_sector": {
          "beta": 0.026493103304692473,
          "se": 0.00839457654247863,
          "t": 3.155978526210444
        },
        "log_assets": {
          "beta": 0.0022096925684061894,
          "se": 0.0008056606467130359,
          "t": 2.7427088283651124
        },
        "lambda": {
          "beta": 0.023575167935331005,
          "se": 0.010577902314450608,
          "t": 2.228718628184405
        },
        "rho": {
          "beta": 0.0025866262279065407,
          "se": 0.00040432413402489824,
          "t": 6.397407451683942
        }
      }
    }
  },
  "controls_sensitivity": {
    "size_only": {
      "n": 72127,
      "vars": [
        "w_geo",
        "w_fuel",
        "w_reg",
        "same_sector",
        "log_assets"
      ],
      "coefficients": {
        "w_geo": {
          "beta": 0.13117526256112996,
          "se": 0.10760128288099535,
          "t": 1.2190864183859862
        },
        "w_fuel": {
          "beta": -3.2218765980790813,
          "se": 0.5944141100014095,
          "t": -5.42025591901148
        },
        "w_reg": {
          "beta": 1.7353749455197236,
          "se": 0.9601965688073418,
          "t": 1.8073121711684819
        },
        "same_sector": {
          "beta": 0.027106624340965706,
          "se": 0.008606080233064533,
          "t": 3.14970620850386
        },
        "log_assets": {
          "beta": 0.0025654093807208765,
          "se": 0.0007542763450134628,
          "t": 3.4011531684386673
        }
      }
    },
    "leverage_only": {
      "n": 72013,
      "vars": [
        "w_geo",
        "w_fuel",
        "w_reg",
        "same_sector",
        "lambda"
      ],
      "coefficients": {
        "w_geo": {
          "beta": 0.13235116094460309,
          "se": 0.10571876478510335,
          "t": 1.2519173981424767
        },
        "w_fuel": {
          "beta": -2.922486741698953,
          "se": 0.6150730839077561,
          "t": -4.751446321031413
        },
        "w_reg": {
          "beta": 1.7164945076124805,
          "se": 0.9471055143485815,
          "t": 1.8123582659035453
        },
        "same_sector": {
          "beta": 0.02714918501699763,
          "se": 0.008537186663470643,
          "t": 3.1801091023539367
        },
        "lambda": {
          "beta": 0.025638001933012706,
          "se": 0.011335039295377077,
          "t": 2.261836175854194
        }
      }
    },
    "firm_fe": {
      "n": 72660,
      "vars": [
        "w_geo",
        "w_fuel",
        "w_reg",
        "same_sector"
      ],
      "coefficients": {
        "w_geo": {
          "beta": 0.04997059781115475,
          "se": 0.13287971862103973,
          "t": 0.3760588773796709
        },
        "w_fuel": {
          "beta": -2.367031778864965,
          "se": 0.6266689594868688,
          "t": -3.7771645508070892
        },
        "w_reg": {
          "beta": 1.7256406591871167,
          "se": 1.0345502265078468,
          "t": 1.6680105179736562
        },
        "same_sector": {
          "beta": 0.027944991589642944,
          "se": 0.01259609539080009,
          "t": 2.2185439791170007
        }
      }
    }
  },
  "bandwidth_sensitivity": {
    "half_life_250km": {
      "n": 72661,
      "vars": [
        "w_geo",
        "w_fuel",
        "w_reg",
        "same_sector"
      ],
      "coefficients": {
        "w_geo": {
          "beta": -0.025969547374941872,
          "se": 0.03979522448419135,
          "t": -0.6525794919251748
        },
        "w_fuel": {
          "beta": -2.851182381474619,
          "se": 0.6095227417920287,
          "t": -4.677729288807164
        },
        "w_reg": {
          "beta": 1.8227391501868655,
          "se": 0.9709611780633803,
          "t": 1.8772523468161615
        },
        "same_sector": {
          "beta": 0.027701002814597305,
          "se": 0.008609060031944804,
          "t": 3.2176570626537484
        }
      }
    },
    "half_life_500km": {
      "n": 72661,
      "vars": [
        "w_geo",
        "w_fuel",
        "w_reg",
        "same_sector"
      ],
      "coefficients": {
        "w_geo": {
          "beta": 0.03765770466649671,
          "se": 0.062468916793166865,
          "t": 0.6028230774543522
        },
        "w_fuel": {
          "beta": -2.8728336298114514,
          "se": 0.608171499094396,
          "t": -4.72372288752313
        },
        "w_reg": {
          "beta": 1.8056009271610338,