{
  "correlations": [
    [
      1.0,
      0.07927336137590305,
      0.1068158538009406
    ],
    [
      0.07927336137590305,
      1.0,
      0.13838047381610932
    ],
    [
      0.1068158538009406,
      0.13838047381610932,
      1.0
    ]
  ],
  "channel_controls": {
    "n": 71787,
    "vars": [
      "w_geo",
      "w_fuel",
      "w_reg",
      "same_sector",
      "log_assets",
      "lambda",
      "rho"
    ],
    "coefficients": {
      "w_geo": {
        "beta": 0.03747686164747945,
        "se": 0.061636289383016206,
        "t": 0.6080324111432663
      },
      "w_fuel": {
        "beta": -3.0868901165645997,
        "se": 0.5948239164297899,
        "t": -5.189586415913659
      },
      "w_reg": {
        "beta": 1.7614527893430958,
        "se": 0.95967860021341,
        "t": 1.8354611522559636
      },
      "same_sector": {
        "beta": 0.026500075854917576,
        "se": 0.00839742812739902,
        "t": 3.1557371439064146
      },
      "log_assets": {
        "beta": 0.0022102062457193834,
        "se": 0.0008057382758349572,
        "t": 2.743082104954028
      },
      "lambda": {
        "beta": 0.02358549826294069,
        "se": 0.010584108715523847,
        "t": 2.228387755347556
      },
      "rho": {
        "beta": 0.002586680011535228,
        "se": 0.0004044681391930424,
        "t": 6.395262718828568
      }
    }
  },
  "vifs": {
    "w_geo": 1.015840688802797,
    "w_fuel": 1.0431368638498346,
    "w_reg": 1.0297471123507447,
    "same_sector": 1.008285361642696,
    "log_assets": 1.035108456834882,
    "lambda": 1.0078983653890783,
    "rho": 1.0117397713118237
  },
  "placebo": {
    "n_permutations": 200,
    "w_geo": {
      "mean": -0.007049233939271229,
      "sd": 0.2300418344979229
    },
    "w_fuel": {
      "mean": -0.14990865743198376,
      "sd": 1.6954830457059336
    },
    "w_reg": {
      "mean": -0.050758921485190386,
      "sd": 0.6113554178846292
    }
  },
  "spec_progression": {
    "geo_only": {
      "n": 72661,
      "vars": [
        "w_geo"
      ],
      "coefficients": {
        "w_geo": {
          "beta": 0.05203722463211832,
          "se": 0.059810156151011665,
          "t": 0.870039939383073
        }
      }
    },
    "fuel_only": {
      "n": 72661,
      "vars": [
        "w_fuel"
      ],
      "coefficients": {
        "w_fuel": {
          "beta": -2.738363162992865,
          "se": 0.5736937382858389,
          "t": -4.7732143132238525
        }
      }
    },
    "geo_fuel": {
      "n": 72661,
      "vars": [
        "w_geo",
        "w_fuel"
      ],
      "coefficients": {
        "w_geo": {
          "beta": 0.09575607328756218,
          "se": 0.05573097797673733,
          "t": 1.7181839753024202
        },
        "w_fuel": {
          "beta": -2.776580679066739,
          "se": 0.5702184577454891,
          "t": -4.869327959050453
        }
      }
    },
    "full_controls": {
      "n": 71787,
      "vars": [
        "w_geo",
        "w_fuel",
        "w_reg",
        "same_sector",
        "log_assets",
        "lambda",
        "rho"
      ],
      "coefficients": {
        "w_geo": {
          "beta": 0.03747686164747945,
          "se": 0.061636289383016206,
          "t": 0.6080324111432663
        },
        "w_fuel": {
          "beta": -3.0868901165645997,
          "se": 0.5948239164297899,
          "t": -5.189586415913659
        },
        "w_reg": {
          "beta": 1.7614527893430958,
          "se": 0.95967860021341,
          "t": 1.8354611522559636
        },
        "same_sector": {
          "beta": 0.026500075854917576,
          "se": 0.00839742812739902,
          "t": 3.1557371439064146
        },
        "log_assets": {
          "beta": 0.0022102062457193834,
          "se": 0.0008057382758349572,
          "t": 2.743082104954028
        },
        "lambda": {
          "beta": 0.02358549826294069,
          "se": 0.010584108715523847,
          "t": 2.228387755347556
        },
        "rho": {
          "beta": 0.002586680011535228,
          "se": 0.0004044681391930424,
          "t": 6.395262718828568
        }
      }
    }
  },
  "controls_sensitivity": {
    "size_only": {
      "n": 72127,
      "vars": [
        "w_geo",
        "w_fuel",
        "w_reg",
        "same_sector",
        "log_assets"
      ],
      "coefficients": {
        "w_geo": {
          "beta": 0.035187922799505306,
          "se": 0.06241393794174526,
          "t": 0.5637830901224073
        },
        "w_fuel": {
          "beta": -3.1954890426883464,
          "se": 0.5970514584198484,
          "t": -5.3521166352151655
        },
        "w_reg": {
          "beta": 1.7631606983438566,
          "se": 0.9616692889186016,
          "t": 1.8334376678770028
        },
        "same_sector": {
          "beta": 0.027113195627509905,
          "se": 0.008608779146389679,
          "t": 3.1494820771282703
        },
        "log_assets": {
          "beta": 0.002566024962876442,
          "se": 0.0007542223773383777,
          "t": 3.402212716005387
        }
      }
    },
    "leverage_only": {
      "n": 72013,
      "vars": [
        "w_geo",
        "w_fuel",
        "w_reg",
        "same_sector",
        "lambda"
      ],
      "coefficients": {
        "w_geo": {
          "beta": 0.03707709065690683,
          "se": 0.06139019549218855,
          "t": 0.6039578528728519
        },
        "w_fuel": {
          "beta": -2.8963518326012596,
          "se": 0.6177592502581507,
          "t": -4.6884799076516055
        },
        "w_reg": {
          "beta": 1.7440777485074628,
          "se": 0.9485200857618554,
          "t": 1.8387357049024555
        },
        "same_sector": {
          "beta": 0.027155991196818306,
          "se": 0.008539819697087737,
          "t": 3.1799255909441606
        },
        "lambda": {
          "beta": 0.025648091464071324,
          "se": 0.011340547115215564,
          "t": 2.261627345091613
        }
      }
    },
    "firm_fe": {
      "n": 72660,
      "vars": [
        "w_geo",
        "w_fuel",
        "w_reg",
        "same_sector"
      ],
      "coefficients": {
        "w_geo": {
          "beta": -0.041137702073145176,
          "se": 0.08171315249045272,
          "t": -0.5034403987528405
        },
        "w_fuel": {
          "beta": -2.3499292878735027,
          "se": 0.6277799542445501,
          "t": -3.743237215500662
        },
        "w_reg": {
          "beta": 1.7509183546021434,
          "se": 1.037674454490462,
          "t": 1.6873484232219167
        },
        "same_sector": {
          "beta": 0.02797419659609322,
          "se": 0.012602583742199865,
          "t": 2.219719159843499
        }
      }
    }
  },
  "bandwidth_sensitivity": {
    "half_life_250km": {
      "n": 72661,
      "vars": [
        "w_geo",
        "w_fuel",
        "w_reg",
        "same_sector"
      ],
      "coefficients": {
        "w_geo": {
          "beta": -0.025969547374941872,
          "se": 0.039795224484191344,
          "t": -0.6525794919251751
        },
        "w_fuel": {
          "beta": -2.851182381474619,
          "se": 0.609522741792029,
          "t": -4.6777292888071615
        },
        "w_reg": {
          "beta": 1.8227391501868655,
          "se": 0.9709611780633803,
          "t": 1.8772523468161615
        },
        "same_sector": {
          "beta": 0.027701002814597305,
          "se": 0.008609060031944808,
          "t": 3.217657062653747
        }
      }
    },
    "half_life_1000km": {
      "n": 72661,
      "vars": [
        "w_geo",
        "w_fuel",
        "w_reg",
        "same_sector"
      ],
      "coefficients": {
        "w_geo": {
          "beta": 0.13581737038521252,
          "se": 0.10763019498275002,
          "t": 1.2618891046976184
        },
        "w_fuel": {
          "beta": -2.8998458656904247,
          "se": 0.6053047626903635,
          "t": -4.790720384887846
        },